Feature,Importance
Slc26a4_56472,0.17117806
Eugenol,0.13242391
P,0.09807713
Tmem117_56678,0.052834585
Gm5737_59680,0.0481579
Gm21190_82342,0.03182225
Hfe2_69619,0.03021848
Wdr72_57018,0.028838672
Tgm1_60333,0.025837332
Tspan4_30708,0.020627176
Gm13238_30264,0.020021796
Guaiacol,0.019985287
SO4,0.0176901
Asb14_29409,0.016043816
Cd,0.014338767
Maff_30224,0.013867631
Dnajc28_64398,0.012060465
Creb1_71798,0.011999648
Tacr1_72530,0.011849083
Hist1h2bc_29206,0.011746755
Serpina3n_29367,0.009840248
Rhof_64396,0.009827108
Lgals2_59528,0.009793204
Gdnf_29292,0.009630363
Hmox1_55177,0.008127785
Ighv2-6_70078,0.0077003352
Pstk_65222,0.0066141416
Stab1_67351,0.0065813954
Osgin1_79857,0.0065213437
Fpr2_31644,0.0058424617
Muc5b_58389,0.0052143857
Cyp1b1_72511,0.004468815
Fam19a1_59360,0.0044083097
Nt5c_33336,0.00431708
Esm1_60954,0.004040204
Atf3_29935,0.0039382917
Hspa1b_32188,0.0037769803
Elovl6_74600,0.0036772762
Fcer1g_31620,0.003340003
Bdkrb2_54168,0.0033207028
Cyp1a1_79654,0.0030664168
Fosl1_30439,0.002915469
Gpx1_30525,0.0028522336
Hcn2_57591,0.0028061557
Lipo5_56386,0.0027225015
Csf2_61958,0.0027223888
Btbd9_60652,0.0026836214
Timp1_30249,0.0026114383
Srm_62972,0.0025961394
Aldh1a2_60261,0.0025195777
Art1_56953,0.002482366
Gm15448_82247,0.002443242
Stpg1_80557,0.0020707927
Alg11_67845,0.0020658097
Cxcl10_29431,0.0019089434
Il6_60343,0.0018724044
Gpc1_58802,0.0016446527
Aplp1_78493,0.0016270939
Calcb_60189,0.0016145564
Cask_29837,0.0016110477
Tnfrsf9_66723,0.0015538646
Ly6g6d_70681,0.0014903742
Arntl_59197,0.0013900453
Galnt17_63802,0.0013733123
Arg2_81876,0.0013592001
Ubash3a_72205,0.0013154505
Entpd8_29407,0.0013063764
Adora1_56938,0.0012709989
Adam22_79503,0.0012570663
AC132444.6_82305,0.0012449588
Alg11_64834,0.0011681458
Nog_54804,0.0011291584
Ankrd1_58025,0.00097261206
Ifit1bl1_54956,0.00093440193
Acod1_54942,0.00091518444
Adamts5_56833,0.0009100065
Zfp943_68358,0.00090627675
Trmt61a_77219,0.0008713134
Dydc1_55826,0.0008451216
Nrg1_67125,0.0008055576
Bcl3_75627,0.00075317663
Socs3_79479,0.0007328002
Sh2d1b1_55581,0.00070269895
Sgcg_29583,0.0006837006
Igkv6-15_64030,0.0006829747
Ckm_31031,0.0006645682
Egr1_58083,0.00060823595
Hebp2_68529,0.00059614144
Actn2_32214,0.0005603129
Lmod2_64472,0.00052950374
2310061I04Rik_71692,0.00050182233
Bnc1_57800,0.00048199424
Igkv16-104_74538,0.00046994857
Abcg2_77190,0.00045252772
Actr3b_60038,0.00044688725
Rgs22_79648,0.00044642092
Chrm2_55332,0.0004107043
Ethylguaiacol,0.00040210958
Kdm6a_65647,0.00038030592
Hsph1_73551,0.00036576367
Atp6v0d2_76694,0.00034416246
Btnl9_55542,0.00033755603
Nqo1_29503,0.00033635958
Noct_77181,0.00032282417
Abtb2_59723,0.00031411968
Cdkn2a_67661,0.000248189
Slc2a4_76116,0.00023535815
Acta1_74234,0.00022646943
Lrrc10_60238,0.00022431205
Gm3604_56243,0.000221404
9930111J21Rik1_66397,0.00021946547
Ccl7_30624,0.00021922437
B3gnt2_60493,0.00021544352
Eicosane,0.00020922169
Zmiz2_62411,0.00020034445
Myc_66507,0.0001891345
Csrnp1_69505,0.00018012826
Srxn1_30173,0.00017932638
Adam33_72301,0.0001758065
Cxcl2_63751,0.00017338071
Il4i1_71608,0.00017212886
Sema7a_72108,0.00016314682
Nr4a1_74357,0.00015739082
Rsph3b_31489,0.0001567261
Chil3_66072,0.00015229391
Gja1_75237,0.00012967942
Hmox1_31505,0.00012815499
2010309G21Rik_29518,0.00012703385
Methoxymethyl phenol,0.00012635725
Gsta1_31374,0.00012533714
C530008M17Rik_76670,0.00011581879
Abcc4_30363,0.00011302869
Zfp672_67722,0.00010718921
Aldh3a1_60545,0.00010333923
Stx11_67128,9.9857076e-05
Ccl17_77970,9.881555e-05
3110001I22Rik_68551,9.837199e-05
Fosb_75538,9.6298136e-05
Ephb6_66860,9.4733274e-05
Arhgap40_61637,9.230976e-05
Hif3a_63907,7.246059e-05
Gm13889_55024,6.6037974e-05
Islr_61666,6.266026e-05
Paxbp1_76157,5.7736488e-05
Il4i1_31821,5.1617004e-05
Myl3_75394,5.0497612e-05
Slc7a11_30093,4.6749636e-05
Snx11_32113,4.600398e-05
Dnajc6_77826,4.3874013e-05
Tmem161a_67011,4.355593e-05
5430427O19Rik_60267,4.006814e-05
Ky_60676,3.8770846e-05
Rbm12b2_72856,3.853553e-05
Arf1_31811,3.847097e-05
Eef1a2_67152,3.82085e-05
Cdkn1a_66319,3.820534e-05
Fluoranthene,3.478601e-05
Cldn15_60727,3.2049425e-05
Cyp1a1_29719,3.1692445e-05
Inip_82129,3.0725503e-05
Alox15_61552,3.0538857e-05
Sult1d1_55051,2.7676291e-05
mt-Nd1_82075,2.549811e-05
Ifi44_55588,2.5277002e-05
AI661384_31503,2.4650319e-05
Car3_29855,2.4119907e-05
Gdpd2_59601,2.3953897e-05
Clhc1_59972,2.2307853e-05
Anthracene,2.1594238e-05
Atf2_65871,1.9747195e-05
Efhd1_74838,1.7849516e-05
Cxcl1_29501,1.7388991e-05
Lvrn_57576,1.5913607e-05
Tm2d2_70064,1.5110785e-05
Adgrd1_56894,1.49659545e-05
Ly75_62085,1.4371581e-05
Lsamp_31051,1.1909971e-05
Slc25a25_72214,1.1780009e-05
Kbtbd7_76521,1.07766045e-05
Slc35f3_61620,1.0672349e-05
Chpt1_78785,1.0029131e-05
Tbc1d7_65739,9.874446e-06
Rpl3l_76369,9.246782e-06
Folr2_70164,8.45495e-06
Mt2_76492,7.788554e-06
Zfp280b_78252,7.382104e-06
Mcoln3_57792,7.0499054e-06
Upk3b_57520,6.581377e-06
Sh3gl2_31946,6.4112332e-06
Iqcb1_56811,6.0445786e-06
Atf3_72119,5.6366057e-06
Fam69a_64595,5.620147e-06
Mt1_76728,3.883314e-06
Idi1_63868,3.8692883e-06
Gm43302_29203,3.8110745e-06
Cdon_64083,3.711202e-06
Marco_61146,3.2880587e-06
Cenpw_64386,3.1114084e-06
Pigr_58167,2.9447344e-06
Umad1_66790,2.8020802e-06
Cpt1b_31741,2.4686917e-06
Ggnbp1_79223,2.3094826e-06
Fam83h_59213,2.3026512e-06
Gbp4_67875,2.2388417e-06
Naphthalene,1.9828835e-06
Omd_75393,1.925238e-06
Fpr1_30738,1.8820798e-06
Fpr1_72651,1.5605409e-06
Hentriacontane,1.4135611e-06
Pyrene,1.3798954e-06
Dusp11_79084,1.3580068e-06
Slitrk6_57432,1.2936699e-06
Gdnf_74188,1.2934006e-06
Chpt1_73742,1.235345e-06
Acyp1_74193,1.0545833e-06
Slc6a15_31138,7.8210434e-07
Trp53bp2_78430,7.774227e-07
Fscn1_74998,7.210643e-07
Cacng7_59342,7.078867e-07
Chrysene,6.732348e-07
Fbxo7_30569,6.181406e-07
Cebpd_68861,6.180472e-07
Zfp39_58512,4.563494e-07
Lmo7_70010,3.734252e-07
Myh6_65230,3.5649495e-07
Saa3_70560,3.2105473e-07
Stx11_69405,3.0198913e-07
Il18_31667,2.629459e-07
Mcur1_30741,2.5295432e-07
Ccl6_74906,2.4825175e-07
Rgs16_60383,2.293041e-07
Chil3_30648,1.7300648e-07
Rsad2_65054,1.5412708e-07
Klrd1_63559,1.3836157e-07
Pkhd1l1_58076,1.2554314e-07
Mypn_29309,1.028783e-07
Mettl14_68520,1.0000534e-07
Srxn1_75314,9.921086e-08
Ube3a_65027,8.042733e-08
Txnrd1_72590,7.97824e-08
Ccl3_30767,7.826975e-08
Zfp760_55727,7.628122e-08
Spp1_63793,7.5005836e-08
Nde1_77231,7.469944e-08
mt-Nd4l_82096,5.989091e-08
Parp11_69369,5.2060432e-08
Acenaphthylene,4.994084e-08
Myl4_70627,4.215186e-08
Gm3776_29765,3.0612956e-08
March3_58049,3.0402536e-08
Cnot10_70213,2.7965699e-08
Il1f9_29621,2.7128824e-08
Sppl3_71185,2.323824e-08
Nkain4_82157,2.1838739e-08
Iglc2_56362,1.9390649e-08
Zfp975_78027,1.267658e-08
Zfp990_67367,1.2403804e-08
Plaur_63645,1.04401465e-08
Praf2_31312,9.0532035e-09
Plscr4_55764,8.678148e-09
Osgin1_30257,8.419513e-09
Ckm_65514,7.572236e-09
EAR12_31077,6.9773747e-09
Pentacosane,6.777258e-09
Heneicosane,6.212549e-09
Gap43_70845,5.5959717e-09
Ifit1_72951,5.106272e-09
Tnfrsf12a_60668,4.7178936e-09
Benz(a)anthracene,4.4352304e-09
Egr1_30209,3.48235e-09
D630045J12Rik_62087,2.3888607e-09
Nrap_31919,2.327088e-09
Tfec_66160,2.2722004e-09
Wt1_63516,1.9290192e-09
Spp1_63768,1.3848749e-09
Sema3c_68751,1.2147227e-09
Phenanthrene,9.981218e-10
H2-M5_73158,7.88718e-10
Art5_55361,7.775434e-10
Notum_69460,7.714011e-10
Spib_29254,6.273971e-10
Ptpn1_29137,6.075188e-10
Tbx20_77085,5.6040694e-10
Iglc3_31393,4.2829454e-10
Syt14_59917,4.0108822e-10
Al,3.908054e-10
Nppa_58684,3.843795e-10
Ugt8a_79952,3.3386177e-10
Tnip3_58404,2.8857886e-10
Fam241b_53836,1.9018578e-10
C2_63618,1.8247856e-10
Myocd_76752,1.7330201e-10
S,1.6679783e-10
Heptadecane,1.6190334e-10
C2_73108,1.5895105e-10
Slit2_63410,1.1281779e-10
Slurp1_55564,1.03874374e-10
Myl2_32080,9.1963326e-11
mt-Nd3_82089,9.06428e-11
Hsph1_69147,8.4687236e-11
Trdmt1_72939,8.410059e-11
Zfp949_73420,7.7909366e-11
Siglec1_74052,7.645331e-11
Trim25_58251,6.810244e-11
Grrp1_59421,5.948895e-11
Mllt3_64358,4.9878046e-11
P2ry10b_63457,4.8967077e-11
Nonadecylcyclohexane,4.6431393e-11
Nrg1_74185,0.0
Zn,0.0
Nrap_65543,0.0
Cl,0.0
Nr4a1_31133,0.0
Na,0.0
Ni,0.0
Sb,0.0
Pb,0.0
Ate1_68840,0.0
Ti,0.0
Si,0.0
Ca,0.0
Propylguaiacol,0.0
Syringealdehyde,0.0
Isoeugenol,0.0
Vanillin,0.0
Retene,0.0
Levoglucosan,0.0
Ba,0.0
Coniferyl aldehyde,0.0
Myc_30907,0.0
Ms4a6b_55953,0.0
Msln_61916,0.0
Socs3_31487,0.0
Mme_70214,0.0
mt-Nd3_82088,0.0
Rraga_80101,0.0
Rps26_78862,0.0
Sfn_31323,0.0
Selenot_65863,0.0
S100a8_71339,0.0
Siglecf_71530,0.0
Slf1_71972,0.0
Slc12a4_60641,0.0
Smpdl3a_68633,0.0
Snrpd1_63068,0.0
Cklf_70787,0.0
Rb1cc1_65517,0.0
Rad1_77614,0.0
Rab22a_53860,0.0
Ppp4r3b_79887,0.0
Pprc1_31385,0.0
Picalm_80276,0.0
Ppfibp1_75630,0.0
Nkain4_74119,0.0
Ngb_29648,0.0
Ckmt2_30858,0.0
Myrf_65894,0.0
Dram2_71194,0.0
Dcp1b_29958,0.0
Cyfip2_73223,0.0
Rfesd_55124,0.0
P2ry10b_76313,0.0
Acetosyringone,0.0
"3,5-Dimethoxyphenol",0.0
Cu,0.0
Mg,0.0
K,0.0
Fe,0.0
Mn,0.0
Sr,0.0
Trappc6b_65552,0.0
Ttc30b_62618,0.0
Ccdc186_58520,0.0
Lrrn4_58063,0.0
Kat6a_29325,0.0
Kcnj5_59968,0.0
Txnrd1_31483,0.0
Ubxn2b_58845,0.0
Knl1_69014,0.0
Tmem68_65264,0.0
Tnip1_29881,0.0
Tfdp2_69536,0.0
Tfdp2_75238,0.0
Thnsl1_66164,0.0
Tlr8_74724,0.0
Tcap_31038,0.0
Tcap_75536,0.0
Lgr4_56873,0.0
Manea_77830,0.0
Syce2_75594,0.0
Sulf1_73848,0.0
Lrif1_65652,0.0
Lhfpl2_60768,0.0
Zfp992_80059,0.0
Zfp977_55962,0.0
Zfp820_56096,0.0
Zfp942_55918,0.0
Wnt7a_61150,0.0
Zeb1_66163,0.0
Zfp52_62706,0.0
Zfp758_70179,0.0
Upk1b_58678,0.0
Wnt2b_62005,0.0
Bhlhe41_56554,0.0
Klhdc2_30951,0.0
Klre1_58825,0.0
Klra4_78746,0.0
2-Methylnonadecane,0.0
3-Methylnonadecane,0.0
Octacosane,0.0
Nonadecane,0.0
Pentadecane,0.0
Octadecane,0.0
Squalane,0.0
Tetracosane,0.0
Tetradecane,0.0
Zfp994_73585,0.0
Dodecylcyclohexane,0.0
Docosane,0.0
Hexacosane,0.0
Heptacosane,0.0
Hexadecane,0.0
Nonacosane,0.0
Zwilch_31068,0.0
Zhx3_63695,0.0
9-Methylanthracene,0.0
"2,6-Dimethylnaphthalene",0.0
2-Methylnaphthalene,0.0
1-Methylnaphthalene,0.0
Tridecane,0.0
1-Methylchysene,0.0
Tricosane,0.0
Triacontane,0.0
Phytane,0.0
Benzo(k)fluoranthene,0.0
Benzo(b)fluoranthene,0.0
Ift43_67275,0.0
Ifit3_29860,0.0
Benzo[ghi]perylene,0.0
Benzo(e)pyrene,0.0
Benzo(a)pyrene,0.0
Gadd45g_64460,0.0
Hint3_54352,0.0
Fam76b_71997,0.0
Gbp4_72637,0.0
Hspa1a_69206,0.0
Dibenzofuran,0.0
Gclm_29258,0.0
Gm13212_64546,0.0
"Indeno[1,2,3-cd]pyrene",0.0
Fluorene,0.0
Perylene,0.0
Methylfluorene,0.0
NH4,0.0
NO3,0.0
PO4,0.0
Cr,0.0
